KA53AC0634,KA53AC0540,KA439840,KA43A0245,KA439841,KA439842,KA53B6963,KA53AC0345,KA51B9664,KA51AJ8298,KA53AC0344,KA51AJ8291,KA51AJ8295,KA51AJ8296,KA53AB4252,KA53AB1810,KA50A5968,KA53AB1811,KA53D5405,KA53AB1808,KA53D5162,KA53D0166,KA53B6965,KA53D8420,KA53D4606,KA53D8419,KA53D5165,KA53D0158,KA07A9086,KA53D2958,KA53D4609,KA53D2719,KA53B6967,KA53B6964,KA07A9089,KA53AB1814,KA53D0162,KA01AC4662,KA53D0155,KA07A9091,KA53D0157,KA07A9134,KA53B0163,KA07A2722,KA51B9235,KA53B1064,KA53D0153,KA53B1072,KA53B0960,KA53B0958,KA53B0952,KA53B1075,KA53B1061
0.0,42.8617,19.866,12.2339,21.323700000000002,19.866,21.323700000000002,10.396700000000001,47.6051,22.79,23.9829,11.2914,11.2914,12.399,21.323700000000002,30.957099999999997,19.8953,11.3026,21.323700000000002,3.489,23.5619,19.3357,27.1815,18.0537,10.0459,28.1833,8.0031,19.079,25.9727,25.9986,19.109900000000003,16.1968,30.229599999999998,27.1815,30.4905,21.485,27.1815,27.1815,27.1815,27.1815,27.1815,27.1815,27.1815,27.1815,27.1815,13.9668,22.8982,43.133900000000004,11.325899999999999,11.325899999999999,19.654700000000002,25.7264,4.536
43.2934,0.0,36.4976,33.059599999999996,25.2427,36.4976,25.2427,42.501,21.8915,41.5439,50.2104,35.2165,35.2165,34.5561,25.2427,39.411,36.526900000000005,35.2053,25.2427,39.9148,53.878800000000005,25.7767,23.9535,46.779300000000006,51.6608,35.3799,41.371900000000004,27.9083,43.124900000000004,43.150800000000004,29.4377,46.5137,21.5281,23.9535,23.2091,26.258,23.9535,23.9535,23.9535,23.9535,23.9535,23.9535,23.9535,23.9535,23.9535,34.8994,41.5466,37.8218,34.889199999999995,34.889199999999995,45.9763,43.6484,41.0971
19.6618,34.938,0.0,16.4823,18.5213,0.0,18.5213,25.1978,41.7127,5.291600000000001,13.661299999999999,9.2495,9.2495,18.2729,18.5213,14.9631,0.0293,9.238299999999999,18.5213,17.045900000000003,24.858,9.770700000000001,20.7802,16.3186,26.4731,28.0785,20.6988,15.5532,9.9787,10.0046,7.2521,17.4928,24.7989,20.7802,24.598,19.5367,20.7802,20.7802,20.7802,20.7802,20.7802,20.7802,20.7802,20.7802,20.7802,19.840700000000002,5.3999,44.2413,17.1998,17.1998,7.3898,9.7324,21.03
11.8604,33.165,16.6553,0.0,10.1405,16.6553,10.1405,15.201600000000001,36.422,18.6028,25.764200000000002,9.8331,9.8331,3.6059,10.1405,28.108900000000002,16.6846,9.8219,10.1405,8.4819,27.4512,9.639,17.4848,20.532,22.504099999999998,17.179,10.9465,7.8958,23.1244,23.1504,9.3715,20.086,19.046400000000002,17.4848,19.307299999999998,10.3019,17.4848,17.4848,17.4848,17.4848,17.4848,17.4848,17.4848,17.4848,17.4848,7.1505,18.7111,33.464800000000004,3.939,3.939,16.8065,22.8782,10.146799999999999
21.4728,24.4306,18.8201,10.483,0.0,18.8201,0.0,18.4805,26.2815,21.6831,33.0357,17.104599999999998,17.104599999999998,11.979299999999999,0.0,31.333,18.849400000000003,17.093400000000003,0.0,18.0942,35.7669,6.4832,8.7286,28.6674,30.9471,12.5897,17.3513,3.8876999999999997,26.3485,26.3744,10.1443,28.401799999999998,8.905899999999999,8.7286,9.166799999999999,2.2375,8.7286,8.7286,8.7286,8.7286,8.7286,8.7286,8.7286,8.7286,8.7286,10.8789,21.791400000000003,28.81,12.3124,12.3124,24.0781,26.1022,18.5202
19.6618,34.938,0.0,16.4823,18.5213,0.0,18.5213,25.1978,41.7127,5.291600000000001,13.661299999999999,9.2495,9.2495,18.2729,18.5213,14.9631,0.0293,9.238299999999999,18.5213,17.045900000000003,24.858,9.770700000000001,20.7802,16.3186,26.4731,28.0785,20.6988,15.5532,9.9787,10.0046,7.2521,17.4928,24.7989,20.7802,24.598,19.5367,20.7802,20.7802,20.7802,20.7802,20.7802,20.7802,20.7802,20.7802,20.7802,19.840700000000002,5.3999,44.2413,17.1998,17.1998,7.3898,9.7324,21.03
21.4728,24.4306,18.8201,10.483,0.0,18.8201,0.0,18.4805,26.2815,21.6831,33.0357,17.104599999999998,17.104599999999998,11.979299999999999,0.0,31.333,18.849400000000003,17.093400000000003,0.0,18.0942,35.7669,6.4832,8.7286,28.6674,30.9471,12.5897,17.3513,3.8876999999999997,26.3485,26.3744,10.1443,28.401799999999998,8.905899999999999,8.7286,9.166799999999999,2.2375,8.7286,8.7286,8.7286,8.7286,8.7286,8.7286,8.7286,8.7286,8.7286,10.8789,21.791400000000003,28.81,12.3124,12.3124,24.0781,26.1022,18.5202
10.4882,42.213800000000006,25.6833,14.4307,17.783099999999997,25.6833,17.783099999999997,0.0,44.0646,28.607200000000002,30.5668,17.1086,17.1086,9.8831,17.783099999999997,36.7744,25.7126,17.1199,17.783099999999997,9.6982,32.6286,20.9187,26.5117,24.139200000000002,19.112599999999997,19.6899,2.8563,15.5384,31.789900000000003,31.8158,20.6512,25.2635,26.689,26.5117,26.949900000000003,17.9445,26.5117,26.5117,26.5117,26.5117,26.5117,26.5117,26.5117,26.5117,26.5117,8.411100000000001,28.7155,34.494099999999996,7.7759,7.7759,25.472,31.5437,7.1814
47.7179,21.9102,42.7846,36.728199999999994,27.467299999999998,42.7846,27.467299999999998,44.725699999999996,0.0,45.6476,57.0002,41.0691,41.0691,38.2244,27.467299999999998,61.8135,42.813900000000004,41.057900000000004,27.467299999999998,44.339400000000005,59.7314,30.4478,25.7721,52.6319,57.513400000000004,25.806099999999997,43.5965,30.132900000000003,50.313,50.3389,34.1088,52.3663,20.0012,25.7721,21.6822,26.0212,25.7721,25.7721,25.7721,25.7721,25.7721,25.7721,25.7721,25.7721,25.7721,37.124,45.755900000000004,19.551,38.5575,38.5575,48.0426,50.0668,44.7653
22.396099999999997,34.810900000000004,6.283600000000001,20.077599999999997,24.6422,6.283600000000001,24.6422,28.8528,47.8336,0.0,10.5605,12.247399999999999,12.247399999999999,21.8682,24.6422,10.415299999999998,6.3129,12.2586,24.6422,19.780099999999997,24.565099999999997,15.8916,27.0126,16.0257,29.009900000000002,35.2409,25.189700000000002,24.436799999999998,4.7889,4.8148,13.373,17.2,30.919700000000002,27.0126,30.7189,25.6575,27.0126,27.0126,27.0126,27.0126,27.0126,27.0126,27.0126,27.0126,27.0126,23.4361,0.1083,52.6031,20.7952,20.7952,4.5681,5.312399999999999,23.7643
21.2822,51.2563,16.5571,25.5235,34.7007,16.5571,34.7007,29.766099999999998,57.8921,16.8718,0.0,15.7209,15.7209,26.5879,34.7007,15.9383,16.5864,15.7321,34.7007,20.5672,14.1373,26.7145,36.8301,6.3406,22.4317,42.3722,26.846400000000003,32.3685,14.492,14.5179,24.1959,10.621799999999999,40.5165,36.8301,40.7774,34.7746,36.8301,36.8301,36.8301,36.8301,36.8301,36.8301,36.8301,36.8301,36.8301,28.1557,16.98,57.3228,25.5148,25.5148,14.8416,12.68,26.1835
11.2516,35.3755,8.7277,9.923399999999999,17.566,8.7277,17.566,17.708299999999998,40.7573,11.754,17.576400000000003,0.0,0.0,12.4028,17.566,19.9211,8.757,0.0112,17.566,8.6357,20.020599999999998,11.8841,19.6953,11.481200000000001,18.062900000000003,25.0867,14.0453,14.2827,14.9367,14.9626,9.3654,12.6554,23.3818,19.6953,23.642599999999998,16.8801,19.6953,19.6953,19.6953,19.6953,19.6953,19.6953,19.6953,19.6953,19.6953,13.9707,11.862200000000001,43.137699999999995,11.329799999999999,11.329799999999999,8.6187,14.6904,12.6198
11.2516,35.3755,8.7277,9.923399999999999,17.566,8.7277,17.566,17.708299999999998,40.7573,11.754,17.576400000000003,0.0,0.0,12.4028,17.566,19.9211,8.757,0.0112,17.566,8.6357,20.020599999999998,11.8841,19.6953,11.481200000000001,18.062900000000003,25.0867,14.0453,14.2827,14.9367,14.9626,9.3654,12.6554,23.3818,19.6953,23.642599999999998,16.8801,19.6953,19.6953,19.6953,19.6953,19.6953,19.6953,19.6953,19.6953,19.6953,13.9707,11.862200000000001,43.137699999999995,11.329799999999999,11.329799999999999,8.6187,14.6904,12.6198
11.041,36.161199999999994,16.9286,5.2386,12.3074,16.9286,12.3074,12.7321,38.5889,20.3673,26.0375,11.3572,11.3572,0.0,12.3074,28.3823,16.957900000000002,11.3684,12.3074,7.6625,27.487599999999997,12.635200000000001,20.481099999999998,20.5684,20.104200000000002,18.3268,8.477,10.062700000000001,23.3978,23.4237,12.367799999999999,20.1225,21.2133,20.481099999999998,21.4742,12.4688,20.481099999999998,20.481099999999998,20.481099999999998,20.481099999999998,20.481099999999998,20.481099999999998,20.481099999999998,20.481099999999998,20.481099999999998,4.1103000000000005,20.4755,33.2774,1.4695,1.4695,17.079900000000002,23.1515,7.6773
21.4728,24.4306,18.8201,10.483,0.0,18.8201,0.0,18.4805,26.2815,21.6831,33.0357,17.104599999999998,17.104599999999998,11.979299999999999,0.0,31.333,18.849400000000003,17.093400000000003,0.0,18.0942,35.7669,6.4832,8.7286,28.6674,30.9471,12.5897,17.3513,3.8876999999999997,26.3485,26.3744,10.1443,28.401799999999998,8.905899999999999,8.7286,9.166799999999999,2.2375,8.7286,8.7286,8.7286,8.7286,8.7286,8.7286,8.7286,8.7286,8.7286,10.8789,21.791400000000003,28.81,12.3124,12.3124,24.0781,26.1022,18.5202
30.5392,35.723,15.2079,29.001900000000003,33.044599999999996,15.2079,33.044599999999996,37.7771,58.1722,9.06,12.337,21.1717,21.1717,30.7926,33.044599999999996,0.0,15.237200000000001,21.183,33.044599999999996,28.7045,25.539099999999998,26.4061,39.2741,18.6874,36.1496,44.1652,34.114,33.3612,6.7154,6.7413,22.2973,24.3397,42.1585,39.2741,39.121300000000005,34.0599,39.2741,39.2741,39.2741,39.2741,39.2741,39.2741,39.2741,39.2741,39.2741,32.3604,9.062700000000001,74.10260000000001,29.7195,29.7195,13.4925,7.287100000000001,32.6886
19.6911,34.9673,0.0293,16.511599999999998,18.5506,0.0293,18.5506,25.2271,41.742,5.3209,13.6906,9.278799999999999,9.278799999999999,18.3022,18.5506,14.9924,0.0,9.2676,18.5506,17.075200000000002,24.8873,9.8,20.8095,16.3479,26.5024,28.1078,20.728099999999998,15.5825,10.008,10.0339,7.2814,17.5221,24.828200000000002,20.8095,24.627299999999998,19.566,20.8095,20.8095,20.8095,20.8095,20.8095,20.8095,20.8095,20.8095,20.8095,19.87,5.4292,44.2706,17.2291,17.2291,7.4191,9.761700000000001,21.0593
11.2404,35.3867,8.739,9.9346,17.5772,8.739,17.5772,17.6971,40.7685,11.7652,17.5876,0.0112,0.0112,12.3916,17.5772,19.932299999999998,8.7683,0.0,17.5772,8.6244,20.2697,11.895299999999999,19.7065,11.4924,18.0517,25.097900000000003,14.034,14.293899999999999,14.947899999999999,14.973799999999999,9.376700000000001,12.9046,23.393,19.7065,23.6539,16.891299999999998,19.7065,19.7065,19.7065,19.7065,19.7065,19.7065,19.7065,19.7065,19.7065,13.9594,11.8734,43.1265,11.3185,11.3185,8.63,14.701600000000001,12.608600000000001
21.4728,24.4306,18.8201,10.483,0.0,18.8201,0.0,18.4805,26.2815,21.6831,33.0357,17.104599999999998,17.104599999999998,11.979299999999999,0.0,31.333,18.849400000000003,17.093400000000003,0.0,18.0942,35.7669,6.4832,8.7286,28.6674,30.9471,12.5897,17.3513,3.8876999999999997,26.3485,26.3744,10.1443,28.401799999999998,8.905899999999999,8.7286,9.166799999999999,2.2375,8.7286,8.7286,8.7286,8.7286,8.7286,8.7286,8.7286,8.7286,8.7286,10.8789,21.791400000000003,28.81,12.3124,12.3124,24.0781,26.1022,18.5202
3.9572,39.372699999999995,16.377,8.7693,17.859099999999998,16.377,17.859099999999998,9.9134,44.1406,19.301,21.2606,7.8024,7.8024,8.9344,17.859099999999998,27.4681,16.406299999999998,7.8136,17.859099999999998,0.0,21.752200000000002,15.8467,23.6925,14.833,14.6009,24.718799999999998,6.9937,15.6144,22.483700000000002,22.5096,15.620899999999999,14.3871,26.765,23.6925,27.0259,18.020400000000002,23.6925,23.6925,23.6925,23.6925,23.6925,23.6925,23.6925,23.6925,23.6925,10.5022,19.409200000000002,39.6693,7.8614,7.8614,16.1658,22.2374,4.346
24.1949,55.099199999999996,25.1414,28.1124,37.289699999999996,25.1414,37.289699999999996,33.6368,60.4811,25.1337,13.847700000000001,18.3098,18.3098,29.1768,37.289699999999996,23.133599999999998,25.1707,18.321099999999998,37.289699999999996,23.1561,0.0,31.5732,39.419,13.7157,22.9728,44.9612,30.7171,34.9575,23.2299,23.2558,27.1906,9.1111,43.1055,39.419,43.3664,37.3635,39.419,39.419,39.419,39.419,39.419,39.419,39.419,39.419,39.419,30.7447,25.2419,59.911699999999996,28.1038,28.1038,21.9984,21.417900000000003,27.25
20.548099999999998,25.7895,11.3717,9.7738,7.216600000000001,11.3717,7.216600000000001,21.5028,30.408,14.2347,25.0269,12.4713,12.4713,11.270299999999999,7.216600000000001,23.8846,11.401,12.4601,7.216600000000001,17.1696,31.133599999999998,0.0,10.087399999999999,24.0341,28.9155,18.6497,18.611,7.695,18.9001,18.926,3.6611,23.7685,13.032399999999999,10.087399999999999,13.293299999999999,8.2319,10.087399999999999,10.087399999999999,10.087399999999999,10.087399999999999,10.087399999999999,10.087399999999999,10.087399999999999,10.087399999999999,10.087399999999999,13.901200000000001,14.343,32.9365,11.603399999999999,11.603399999999999,16.3113,18.6538,17.8113
28.305400000000002,21.8308,21.4801,18.0717,10.225200000000001,21.4801,10.225200000000001,27.4835,25.7118,24.3432,35.1353,20.2286,20.2286,19.5682,10.225200000000001,33.993,21.509400000000003,20.217299999999998,10.225200000000001,24.9269,38.8909,10.739,0.0,31.7913,36.6728,18.5628,26.354400000000002,12.890799999999999,29.008599999999998,29.0345,14.4001,31.5257,6.2153,0.0,6.476100000000001,11.2405,0.0,0.0,0.0,0.0,0.0,0.0,0.0,0.0,0.0,19.8819,24.451400000000003,28.643099999999997,19.9013,19.9013,26.4198,28.7623,26.109099999999998
16.8622,51.3054,16.5021,21.1035,30.2808,16.5021,30.2808,25.3462,53.472199999999994,16.494400000000002,6.4276,11.3009,11.3009,22.167900000000003,30.2808,17.256,16.5314,11.3122,30.2808,16.147299999999998,10.186200000000001,22.2946,32.4101,0.0,18.0118,37.9523,22.4265,27.9486,15.8098,15.835700000000001,19.776,6.201899999999999,36.096599999999995,32.4101,36.3575,30.354599999999998,32.4101,32.4101,32.4101,32.4101,32.4101,32.4101,32.4101,32.4101,32.4101,23.735799999999998,16.602700000000002,52.902800000000006,21.094900000000003,21.094900000000003,13.359200000000001,13.9978,21.7636
11.972299999999999,51.348699999999994,25.7774,22.2763,31.366,25.7774,31.366,19.1264,56.730599999999995,28.5951,23.425099999999997,18.01,18.01,22.4414,31.366,36.0955,25.8067,18.0212,31.366,13.5314,22.5652,27.8227,35.6686,17.4958,0.0,38.225699999999996,17.007099999999998,29.121299999999998,31.7777,31.8037,26.4801,15.6389,39.355,35.6686,39.6159,31.5274,35.6686,35.6686,35.6686,35.6686,35.6686,35.6686,35.6686,35.6686,35.6686,24.0092,28.7033,53.176300000000005,21.368299999999998,21.368299999999998,25.459799999999998,31.5315,14.1592
27.0959,33.731300000000005,29.8323,17.233900000000002,12.2544,29.8323,12.2544,19.2454,25.7721,32.6954,41.176,25.2449,25.2449,17.9638,12.2544,42.3452,29.8616,25.2336,12.2544,25.0103,44.8354,18.737599999999997,18.7581,37.916199999999996,35.6806,0.0,19.766099999999998,11.9743,37.360800000000005,37.3867,21.237599999999997,37.4703,14.241700000000002,18.7581,14.5025,11.365200000000002,18.7581,18.7581,18.7581,18.7581,18.7581,18.7581,18.7581,18.7581,18.7581,14.5044,32.803599999999996,17.8023,17.0458,17.0458,32.2183,37.1145,23.253700000000002
7.0667,41.107099999999996,21.306,10.8587,16.6765,21.306,16.6765,2.8563,42.9579,25.146,27.1056,13.6474,13.6474,8.7298,16.6765,33.3131,21.3353,13.6586,16.6765,6.237,29.1674,17.734099999999998,25.405,20.678,15.651399999999999,19.757099999999998,0.0,14.431700000000001,28.3287,28.354599999999998,17.4666,21.8022,25.5824,25.405,25.8432,16.837799999999998,25.405,25.405,25.405,25.405,25.405,25.405,25.405,25.405,25.405,6.7989,25.2542,34.5613,6.6227,6.6227,22.0107,28.0824,3.7201
18.7413,27.8625,17.8838,7.751600000000001,3.4319,17.8838,3.4319,15.7491,29.7133,20.7468,30.2404,14.309299999999999,14.309299999999999,9.2478,3.4319,30.3967,17.9131,14.2981,3.4319,15.3628,32.971599999999995,7.4182,12.1604,25.8721,28.2156,12.414399999999999,14.6199,0.0,25.412200000000002,25.4381,9.289,25.6065,12.3378,12.1604,12.598600000000001,3.5932,12.1604,12.1604,12.1604,12.1604,12.1604,12.1604,12.1604,12.1604,12.1604,8.1474,20.8551,30.067,9.5809,9.5809,21.282700000000002,25.1659,15.7887
25.7055,36.339,9.593,23.387,27.9516,9.593,27.9516,32.1622,51.143,4.077,8.5979,15.556799999999999,15.556799999999999,25.1777,27.9516,6.2961,9.6223,15.568,27.9516,23.0895,27.8745,19.201,30.2105,19.335099999999997,32.3193,38.5503,28.4991,27.746299999999998,0.0,0.0259,16.6824,20.509400000000003,34.2292,30.2105,34.0283,28.967,30.2105,30.2105,30.2105,30.2105,30.2105,30.2105,30.2105,30.2105,30.2105,26.7455,4.0798000000000005,55.9126,24.104599999999998,24.104599999999998,7.8775,1.1933,27.073700000000002
25.7314,36.3649,9.6189,23.4129,27.9775,9.6189,27.9775,32.1881,51.1689,4.1029,8.623899999999999,15.5827,15.5827,25.203599999999998,27.9775,6.322,9.648200000000001,15.594,27.9775,23.1155,27.9004,19.2269,30.2364,19.361,32.3452,38.5762,28.525,27.7722,0.0259,0.0,16.708299999999998,20.5353,34.2551,30.2364,34.054199999999994,28.992900000000002,30.2364,30.2364,30.2364,30.2364,30.2364,30.2364,30.2364,30.2364,30.2364,26.7714,4.1057,55.9385,24.1305,24.1305,7.9033999999999995,1.2192,27.0996
19.8825,31.3809,7.7106,10.6169,14.9642,7.7106,14.9642,22.3458,38.1556,10.5736,21.3658,9.4702,9.4702,12.1134,14.9642,20.2235,7.7399,9.459,14.9642,17.2665,29.8545,6.1547,17.2231,21.315099999999997,26.6938,24.7727,19.454,12.247399999999999,15.239,15.264899999999999,0.0,22.4894,21.241799999999998,17.2231,21.0409,15.9796,17.2231,17.2231,17.2231,17.2231,17.2231,17.2231,17.2231,17.2231,17.2231,14.744200000000001,10.681899999999999,40.6842,12.4465,12.4465,12.6502,14.992799999999999,18.6543
15.1112,46.0155,16.0577,19.0287,28.206,16.0577,28.206,24.553099999999997,51.3973,16.05,10.5198,9.2261,9.2261,20.0931,28.206,21.348200000000002,16.087,9.2373,28.206,14.0724,9.843399999999999,22.4895,30.3353,4.632,14.414399999999999,35.8774,21.6333,25.8738,19.232599999999998,19.2585,18.106900000000003,0.0,34.021800000000006,30.3353,34.2827,28.279799999999998,30.3353,30.3353,30.3353,30.3353,30.3353,30.3353,30.3353,30.3353,30.3353,21.6609,16.1582,50.828,19.0201,19.0201,12.9147,18.9864,18.1662
30.281,19.675099999999997,25.3476,19.2912,10.0304,25.3476,10.0304,27.288700000000002,19.994400000000002,28.2107,39.563300000000005,23.6322,23.6322,20.7875,10.0304,40.938,25.376900000000003,23.621,10.0304,26.9024,42.2945,13.0108,6.263,35.195,40.0764,14.094100000000001,26.159599999999998,12.696,32.8761,32.902,16.6719,34.9294,0.0,6.263,1.681,8.584299999999999,6.263,6.263,6.263,6.263,6.263,6.263,6.263,6.263,6.263,19.687099999999997,28.318900000000003,22.9257,21.1206,21.1206,30.6056,32.629799999999996,27.328400000000002
28.305400000000002,21.8308,21.4801,18.0717,10.225200000000001,21.4801,10.225200000000001,27.4835,25.7118,24.3432,35.1353,20.2286,20.2286,19.5682,10.225200000000001,33.993,21.509400000000003,20.217299999999998,10.225200000000001,24.9269,38.8909,10.739,0.0,31.7913,36.6728,18.5628,26.354400000000002,12.890799999999999,29.008599999999998,29.0345,14.4001,31.5257,6.2153,0.0,6.476100000000001,11.2405,0.0,0.0,0.0,0.0,0.0,0.0,0.0,0.0,0.0,19.8819,24.451400000000003,28.643099999999997,19.9013,19.9013,26.4198,28.7623,26.109099999999998
30.5418,21.3562,25.6085,19.5521,10.2912,25.6085,10.2912,27.549599999999998,22.3888,28.4715,39.8242,23.893099999999997,23.893099999999997,21.048299999999998,10.2912,38.1214,25.6378,23.8818,10.2912,27.1633,42.5554,13.271700000000001,6.523899999999999,35.4558,40.337300000000006,14.355,26.4204,12.9568,33.136900000000004,33.162800000000004,16.9327,35.1902,1.681,6.523899999999999,0.0,8.8451,6.523899999999999,6.523899999999999,6.523899999999999,6.523899999999999,6.523899999999999,6.523899999999999,6.523899999999999,6.523899999999999,6.523899999999999,19.948,28.5798,24.9174,21.381400000000003,21.381400000000003,30.8665,32.890699999999995,27.589299999999998
21.1654,26.1797,20.4559,10.1757,1.7490999999999999,20.4559,1.7490999999999999,18.173099999999998,25.962400000000002,23.319,34.784800000000004,18.8537,18.8537,11.671899999999999,1.7490999999999999,32.9688,20.4852,18.8425,1.7490999999999999,17.786900000000003,37.516,8.232299999999999,10.4776,30.4165,30.6397,11.339799999999999,17.044,3.5804,27.9844,28.0103,11.8612,30.1509,8.5869,10.4776,8.847700000000001,0.0,10.4776,10.4776,10.4776,10.4776,10.4776,10.4776,10.4776,10.4776,10.4776,10.5715,23.4272,28.491,12.005,12.005,25.8272,27.7381,18.212799999999998
28.305400000000002,21.8308,21.4801,18.0717,10.225200000000001,21.4801,10.225200000000001,27.4835,25.7118,24.3432,35.1353,20.2286,20.2286,19.5682,10.225200000000001,33.993,21.509400000000003,20.217299999999998,10.225200000000001,24.9269,38.8909,10.739,0.0,31.7913,36.6728,18.5628,26.354400000000002,12.890799999999999,29.008599999999998,29.0345,14.4001,31.5257,6.2153,0.0,6.476100000000001,11.2405,0.0,0.0,0.0,0.0,0.0,0.0,0.0,0.0,0.0,19.8819,24.451400000000003,28.643099999999997,19.9013,19.9013,26.4198,28.7623,26.109099999999998
28.305400000000002,21.8308,21.4801,18.0717,10.225200000000001,21.4801,10.225200000000001,27.4835,25.7118,24.3432,35.1353,20.2286,20.2286,19.5682,10.225200000000001,33.993,21.509400000000003,20.217299999999998,10.225200000000001,24.9269,38.8909,10.739,0.0,31.7913,36.6728,18.5628,26.354400000000002,12.890799999999999,29.008599999999998,29.0345,14.4001,31.5257,6.2153,0.0,6.476100000000001,11.2405,0.0,0.0,0.0,0.0,0.0,0.0,0.0,0.0,0.0,19.8819,24.451400000000003,28.643099999999997,19.9013,19.9013,26.4198,28.7623,26.109099999999998
28.305400000000002,21.8308,21.4801,18.0717,10.225200000000001,21.4801,10.225200000000001,27.4835,25.7118,24.3432,35.1353,20.2286,20.2286,19.5682,10.225200000000001,33.993,21.509400000000003,20.217299999999998,10.225200000000001,24.9269,38.8909,10.739,0.0,31.7913,36.6728,18.5628,26.354400000000002,12.890799999999999,29.008599999999998,29.0345,14.4001,31.5257,6.2153,0.0,6.476100000000001,11.2405,0.0,0.0,0.0,0.0,0.0,0.0,0.0,0.0,0.0,19.8819,24.451400000000003,28.643099999999997,19.9013,19.9013,26.4198,28.7623,26.109099999999998
28.305400000000002,21.8308,21.4801,18.0717,10.225200000000001,21.4801,10.225200000000001,27.4835,25.7118,24.3432,35.1353,20.2286,20.2286,19.5682,10.225200000000001,33.993,21.509400000000003,20.217299999999998,10.225200000000001,24.9269,38.8909,10.739,0.0,31.7913,36.6728,18.5628,26.354400000000002,12.890799999999999,29.008599999999998,29.0345,14.4001,31.5257,6.2153,0.0,6.476100000000001,11.2405,0.0,0.0,0.0,0.0,0.0,0.0,0.0,0.0,0.0,19.8819,24.451400000000003,28.643099999999997,19.9013,19.9013,26.4198,28.7623,26.109099999999998
28.305400000000002,21.8308,21.4801,18.0717,10.225200000000001,21.4801,10.225200000000001,27.4835,25.7118,24.3432,35.1353,20.2286,20.2286,19.5682,10.225200000000001,33.993,21.509400000000003,20.217299999999998,10.225200000000001,24.9269,38.8909,10.739,0.0,31.7913,36.6728,18.5628,26.354400000000002,12.890799999999999,29.008599999999998,29.0345,14.4001,31.5257,6.2153,0.0,6.476100000000001,11.2405,0.0,0.0,0.0,0.0,0.0,0.0,0.0,0.0,0.0,19.8819,24.451400000000003,28.643099999999997,19.9013,19.9013,26.4198,28.7623,26.109099999999998
28.305400000000002,21.8308,21.4801,18.0717,10.225200000000001,21.4801,10.225200000000001,27.4835,25.7118,24.3432,35.1353,20.2286,20.2286,19.5682,10.225200000000001,33.993,21.509400000000003,20.217299999999998,10.225200000000001,24.9269,38.8909,10.739,0.0,31.7913,36.6728,18.5628,26.354400000000002,12.890799999999999,29.008599999999998,29.0345,14.4001,31.5257,6.2153,0.0,6.476100000000001,11.2405,0.0,0.0,0.0,0.0,0.0,0.0,0.0,0.0,0.0,19.8819,24.451400000000003,28.643099999999997,19.9013,19.9013,26.4198,28.7623,26.109099999999998
28.305400000000002,21.8308,21.4801,18.0717,10.225200000000001,21.4801,10.225200000000001,27.4835,25.7118,24.3432,35.1353,20.2286,20.2286,19.5682,10.225200000000001,33.993,21.509400000000003,20.217299999999998,10.225200000000001,24.9269,38.8909,10.739,0.0,31.7913,36.6728,18.5628,26.354400000000002,12.890799999999999,29.008599999999998,29.0345,14.4001,31.5257,6.2153,0.0,6.476100000000001,11.2405,0.0,0.0,0.0,0.0,0.0,0.0,0.0,0.0,0.0,19.8819,24.451400000000003,28.643099999999997,19.9013,19.9013,26.4198,28.7623,26.109099999999998
28.305400000000002,21.8308,21.4801,18.0717,10.225200000000001,21.4801,10.225200000000001,27.4835,25.7118,24.3432,35.1353,20.2286,20.2286,19.5682,10.225200000000001,33.993,21.509400000000003,20.217299999999998,10.225200000000001,24.9269,38.8909,10.739,0.0,31.7913,36.6728,18.5628,26.354400000000002,12.890799999999999,29.008599999999998,29.0345,14.4001,31.5257,6.2153,0.0,6.476100000000001,11.2405,0.0,0.0,0.0,0.0,0.0,0.0,0.0,0.0,0.0,19.8819,24.451400000000003,28.643099999999997,19.9013,19.9013,26.4198,28.7623,26.109099999999998
28.305400000000002,21.8308,21.4801,18.0717,10.225200000000001,21.4801,10.225200000000001,27.4835,25.7118,24.3432,35.1353,20.2286,20.2286,19.5682,10.225200000000001,33.993,21.509400000000003,20.217299999999998,10.225200000000001,24.9269,38.8909,10.739,0.0,31.7913,36.6728,18.5628,26.354400000000002,12.890799999999999,29.008599999999998,29.0345,14.4001,31.5257,6.2153,0.0,6.476100000000001,11.2405,0.0,0.0,0.0,0.0,0.0,0.0,0.0,0.0,0.0,19.8819,24.451400000000003,28.643099999999997,19.9013,19.9013,26.4198,28.7623,26.109099999999998
12.4321,34.9477,18.564400000000003,5.7581999999999995,10.517100000000001,18.564400000000003,10.517100000000001,8.7467,36.7985,21.4275,28.721400000000003,14.0411,14.0411,3.4594,10.517100000000001,31.0773,18.593700000000002,14.052299999999999,10.517100000000001,10.3464,30.171599999999998,12.4636,19.2456,23.2524,21.0167,14.613299999999999,6.7814,8.2724,26.0929,26.1188,12.1961,22.8064,19.423,19.2456,19.6839,10.6784,19.2456,19.2456,19.2456,19.2456,19.2456,19.2456,19.2456,19.2456,19.2456,0.0,21.535700000000002,29.4175,2.382,2.382,19.7638,25.8466,8.589799999999999
23.5567,34.7027,7.4441999999999995,21.2383,24.949,7.4441999999999995,24.949,30.0135,48.1404,1.2963,12.6089,13.408100000000001,13.408100000000001,23.0289,24.949,10.307,7.4735,13.4193,24.949,20.9408,25.7258,18.3105,26.904400000000003,17.186400000000003,30.1705,36.4015,26.3504,25.5975,4.6807,4.706600000000001,14.5336,18.360599999999998,30.924400000000002,26.904400000000003,31.0257,25.964299999999998,26.904400000000003,26.904400000000003,26.904400000000003,26.904400000000003,26.904400000000003,26.904400000000003,26.904400000000003,26.904400000000003,26.904400000000003,24.596700000000002,0.0,53.7638,21.9559,21.9559,5.728800000000001,5.2042,24.925
42.8525,37.37,44.7636,33.531699999999994,29.4463,44.7636,29.4463,34.1464,18.9821,47.626599999999996,59.1418,44.4615,44.4615,32.8648,29.4463,77.2734,44.7929,44.472699999999996,29.4463,40.7668,60.5919,32.426700000000004,28.2328,53.6727,51.4371,17.899099999999997,34.6671,29.574,52.292,52.3179,36.0878,53.226800000000004,22.4619,28.2328,24.407700000000002,28.0002,28.2328,28.2328,28.2328,28.2328,28.2328,28.2328,28.2328,28.2328,28.2328,29.4055,47.7348,0.0,32.8024,32.8024,50.1842,52.0457,39.0102
10.0501,35.7834,17.7208,5.552,11.9296,17.7208,11.9296,11.2626,38.2111,21.1594,26.8297,12.149299999999998,12.149299999999998,2.1647,11.9296,29.174400000000002,17.7501,12.1605,11.9296,8.0388,32.1507,12.2574,20.1033,21.360599999999998,18.634700000000002,17.949,7.0075,9.684899999999999,24.1899,24.215799999999998,11.99,24.7856,20.8355,20.1033,21.096400000000003,12.0909,20.1033,20.1033,20.1033,20.1033,20.1033,20.1033,20.1033,20.1033,20.1033,3.7325,21.2677,32.8996,0.0,0.0,17.872,23.9437,6.2078
10.0501,35.7834,17.7208,5.552,11.9296,17.7208,11.9296,11.2626,38.2111,21.1594,26.8297,12.149299999999998,12.149299999999998,2.1647,11.9296,29.174400000000002,17.7501,12.1605,11.9296,8.0388,32.1507,12.2574,20.1033,21.360599999999998,18.634700000000002,17.949,7.0075,9.684899999999999,24.1899,24.215799999999998,11.99,24.7856,20.8355,20.1033,21.096400000000003,12.0909,20.1033,20.1033,20.1033,20.1033,20.1033,20.1033,20.1033,20.1033,20.1033,3.7325,21.2677,32.8996,0.0,0.0,17.872,23.9437,6.2078
19.1432,40.2616,4.9948999999999995,16.8247,24.467200000000002,4.9948999999999995,24.467200000000002,25.5999,47.6586,5.4506000000000006,11.892299999999999,8.9945,8.9945,18.6154,24.467200000000002,13.617799999999999,5.0241999999999996,9.005700000000001,24.467200000000002,16.5272,21.3122,14.6029,26.5966,12.7728,25.757,31.988,21.936799999999998,21.1839,8.633299999999998,8.6592,12.084299999999999,13.9471,30.283099999999997,26.5966,30.5439,23.7814,26.5966,26.5966,26.5966,26.5966,26.5966,26.5966,26.5966,26.5966,26.5966,20.1832,5.5588999999999995,49.350300000000004,17.5423,17.5423,0.0,8.3871,20.511400000000002
25.299799999999998,39.2781,9.187299999999999,22.9813,27.545900000000003,9.187299999999999,27.545900000000003,31.7565,50.737300000000005,7.016100000000001,7.4047,15.1511,15.1511,24.772,27.545900000000003,8.486799999999999,9.2166,15.1624,27.545900000000003,22.6839,21.2622,18.7953,29.8048,18.9294,31.9136,38.1446,28.093400000000003,27.3406,3.5023,3.5282,16.2767,20.1037,33.8235,29.8048,33.6226,28.5613,29.8048,29.8048,29.8048,29.8048,29.8048,29.8048,29.8048,29.8048,29.8048,26.3398,7.018800000000001,55.5069,23.698900000000002,23.698900000000002,7.4719,0.0,26.668
5.3003,40.288599999999995,19.940900000000003,10.2821,16.4348,19.940900000000003,16.4348,6.397600000000001,42.716300000000004,22.8648,24.8244,11.366200000000001,11.366200000000001,7.7584,16.4348,31.032,19.970200000000002,11.3775,16.4348,3.9558,27.401,16.7626,24.6085,18.3968,13.885,23.234900000000003,3.4778000000000002,14.190100000000001,26.0475,26.073400000000003,19.1848,20.0358,25.340700000000002,24.6085,25.601599999999998,16.5962,24.6085,24.6085,24.6085,24.6085,24.6085,24.6085,24.6085,24.6085,24.6085,8.507200000000001,22.9731,37.4048,5.6513,5.6513,19.729599999999998,25.801299999999998,0.0
